Tangela De,Cerrache 619,555-511-1632
Flossie Roberge,Cerrache 724,555-859-1728
Jenny Terakado,Textor 316,555-630-4031
Graig Services,Williams 395,555-525-9664
Rosamond Addetia,Job 90,555-033-0329
Denny Turrubiarte,CNS 120,555-024-8156
Rodger Panter,Park 156,555-337-8704
Geneva Deford,Cerrache 414,555-796-7562
Winifred Fluney,Campus Center 285,555-257-7860
Sebrina Bedard,Towers 758,555-114-2487
Salena Popel,Textor 340,555-514-4127
Carmelina Sommerfeld,Job 70,555-422-5479
Jeannie Marcellus,Campus Center 660,555-505-0186
Fiona Blodgett,Park 169,555-508-3556
Nickie Ianace,Cerrache 95,555-975-9070
Rea Ikeda,Gannett 869,555-168-5236
Yolonda Rodely,Williams 898,555-654-6075
Christia Spindler,Park 815,555-257-5864
Nancey Incze,Job 988,555-650-5990
Juliann Devarennes,Towers 653,555-222-4211
Jamee Digenova,Textor 208,555-976-0359
Kina Gallouzi,Towers 951,555-682-4537
Josiah Grossutti,CNS 253,555-331-3917
Mercedes Boisvert,Gannett 987,555-452-1215
Kathaleen Umetsu,Park 489,555-971-6578
Kiyoko Mcbryan,Campus Center 417,555-789-8540
Myrna Fulmer,Cerrache 929,555-215-3738
Genie Wells,Job 779,555-962-8363
Kandice Modi,Park 754,555-908-3362
Nathaniel Lepore,Job 45,555-110-6116
Gavin Gamsa,Towers 240,555-146-4268
Natasha Growden,Textor 299,555-079-5944
Ricarda Simpson,Campus Center 363,555-027-8287
Brendon Carswell,Gannett 404,555-937-0890
Marketta Haggart,Towers 599,555-979-8628
Darwin Brantley,Gannett 143,555-133-2032
Spencer Plett,Job 127,555-147-3613
Echo Bauer,Gannett 536,555-232-5604
Tyler Waddington,Campus Center 733,555-700-5597
Khadijah Cabaniss,Park 297,555-019-4881
Pam Navaratnam,Textor 306,555-289-9577
Del Billoteau,Towers 693,555-826-1637
Nella Teichman,Job 317,555-232-3671
Roderick Gruau,Campus Center 516,555-003-2044
Afton Lowther,Towers 431,555-555-7502
My Maahs,Campus Center 771,555-152-4375
Lula Tregenza,Towers 262,555-606-3865
Randell Kusumakar,Gannett 147,555-376-0348
Ngoc Kinney,CNS 985,555-128-1211
Harriett Hollen,CNS 722,555-349-9095
Wesley Mawani,Campus Center 893,555-548-2492
Catalina Grainger,Towers 63,555-525-3371
Joellen Neal,Park 593,555-299-7715
Kortney Simzer,Textor 171,555-611-0378
Chara Tilbenny,Campus Center 190,555-865-9498
Amanda Timm,Textor 522,555-477-3944
Retta Chenard,Gannett 119,555-663-0004
Heike Hutson,Cerrache 39,555-304-0205
Joetta Papper,Gannett 377,555-688-3808
Georgene Kupidy,Park 739,555-888-4034
Alexia Belair,Towers 13,555-133-7499
Jenette Trif,Job 403,555-046-7119
Mario Beardmore,Williams 322,555-086-3194
Forrest Pross,Campus Center 409,555-788-3887
Alana Naoum,Gannett 567,555-582-7778
Enoch Cluett,Park 887,555-202-9919
Emely Winters,Textor 639,555-472-1347
Pinkie Simcox,CNS 158,555-478-4497
Chang Palik,Cerrache 517,555-973-1946
Nellie Komenda,Cerrache 601,555-822-2124
Rosendo Prasad,Williams 816,555-642-5221
Garfield Lazar,Textor 635,555-882-4074
Garry Obrusniak,Campus Center 484,555-174-3067
Rima Giguere,Williams 18,555-825-5623
Eleanore Mcgilly,Gannett 574,555-392-7333
Latosha Emerson,Cerrache 134,555-342-6755
Arlie Kuracina,Park 557,555-850-1887
Suk Uguccioni,Campus Center 905,555-048-6929
Mendy Van,Campus Center 554,555-236-2088
Jaye Adkinson,Williams 912,555-843-4446
Jill Dunstan,CNS 51,555-167-5451
Willetta Seliske,Textor 586,555-360-2456
Tesha Hickin,Cerrache 48,555-224-5233
Nell Greene,Gannett 498,555-657-8255
Wynona Wilcox,Towers 595,555-643-4912
Kayce Carldata,Williams 841,555-670-4592
Athena Wayler,Gannett 15,555-775-0738
Ralph Stonos,Towers 81,555-411-1397
Byron Khouzam,Gannett 37,555-652-9712
Shana Hurman,Campus Center 339,555-344-4486
Joaquina Chenoweth,Williams 569,555-413-7339
Dora Choptovy,Textor 642,555-796-2643
Deloise Michaud,CNS 529,555-353-2627
Lamar Atprs,Towers 279,555-039-6749
Janeen Trisko,Park 791,555-338-0166
Jonie Witkowski,Textor 41,555-934-0794
Lucilla Patriarche,Williams 174,555-545-8269
Chante Hawley,CNS 365,555-949-8182
Brianne Ange,Gannett 192,555-483-5498
Leonie Kong,Cerrache 686,555-672-3122
Carole Minthorne,Park 212,555-629-7752
Jasper Witzmann,Gannett 44,555-906-7270
Rona Hess,Campus Center 20,555-558-3976
Clyde Lamothe,Campus Center 640,555-701-8856
Demetria Haddow,Cerrache 873,555-477-3477
Karisa Newell,Textor 915,555-036-8929
Damien Kreimer,Textor 797,555-614-6940
Ellamae Support,Cerrache 833,555-478-7638
Serafina Vo,Cerrache 620,555-342-1941
Todd Wun,Textor 872,555-979-3879
Cary Livinston,CNS 858,555-019-5846
Jami Essery,Gannett 62,555-300-8456
Isaac Biggerstaff,Job 745,555-147-1603
Sergio Marciniuk,CNS 834,555-777-0627
Miquel Demjen,Campus Center 275,555-125-1136
Karolyn Leatham,Williams 440,555-538-8797
Millard Sinasac,Campus Center 152,555-366-6874
Sheryll Zwick,Cerrache 72,555-374-4171
Dyan Escutin,Cerrache 372,555-400-8295
Joycelyn Staffing,Campus Center 685,555-310-6758
Malorie Tischler,Job 615,555-687-7623
Raymundo Stanciu,Cerrache 591,555-837-5005
Philomena Pompeo,Cerrache 769,555-719-7092
Marsha Thomaier,Towers 289,555-107-1893
Monet Michaelides,Textor 585,555-747-8818
Otha Mazzei,Williams 705,555-700-9579
Lakiesha Marketing,Park 842,555-669-4873
Jannette Butner,Job 357,555-256-8392
Niesha Deatherage,Campus Center 506,555-634-0065
Joanna Mitrani,Textor 14,555-458-3584
Margaret Todloski,Williams 857,555-118-7107
Stewart Woolley,Gannett 970,555-441-4702
Mavis Volk,Campus Center 972,555-234-5806
Malcolm Wheeler,Williams 476,555-682-1216
Cherise Soh,CNS 666,555-913-8144
Kallie Dziemian,Park 513,555-531-1924
Shanda Wetherbee,Textor 478,555-769-7696
Devin Marleau,Gannett 738,555-867-2434
Rosalba Soumis,CNS 113,555-383-1703
Deshawn Dorval,CNS 945,555-189-2813
Pedro Sparkes,CNS 366,555-285-6893
Shavonda St.laurent,Gannett 137,555-204-5614
Willette Partello,Williams 582,555-457-5690
Miguel Medlin,Job 824,555-046-2249
Cassi Kingrey,CNS 375,555-757-3973
Berenice Kindel,Park 84,555-665-4738
Daysi Schill,Towers 68,555-560-2934
Janelle Amiot,Campus Center 139,555-893-6610
Sade Njo,Gannett 538,555-035-4176
Stepanie Phelan,Cerrache 55,555-283-9173
Lelah Bragg,Park 342,555-565-6357
Evia Shewchenko,Campus Center 360,555-648-5217
Ethelene Demeulemeester,Gannett 34,555-897-4263
Ernie Taskforce,Campus Center 401,555-607-3366
Bernadine Dyess,Campus Center 35,555-028-8214
Glayds Allison,Textor 514,555-424-7832
Keneth Bowen,Cerrache 471,555-901-0551
Elodia Mccauley,Cerrache 959,555-869-8521
Patria Kozyra,Job 244,555-611-5417
Isreal Jammu,Textor 451,555-532-1498
Florentina Escutin,Job 438,555-225-9533
Cherryl Meads,CNS 695,555-359-1941
Fanny Felfli,CNS 785,555-786-8017
Mira Denmark,Park 550,555-648-7813
Hildegarde Egan,Textor 559,555-721-0369
Raymundo Tremewan,Campus Center 26,555-320-3022
Bonny Queries,Park 804,555-600-9192
Darcey Rizewiski,Williams 25,555-943-9013
Giselle Decasper,Park 449,555-199-4762
Alfredo Daya,Textor 846,555-192-4697
Winnifred Doud,Cerrache 443,555-726-0470
Elia Walkins,Williams 899,555-867-5506
Ching Seetharaman,Gannett 583,555-789-7085
Alecia Agnew,Cerrache 845,555-486-6328
Chauncey Loughery,Textor 31,555-011-4995
Maxima Goza,Campus Center 133,555-387-8708
Kit Hailes,Gannett 61,555-184-1403
Leena Reinwald,Campus Center 786,555-784-1782
Andrew Addison,Gannett 396,555-610-4462
Rosalva Center,Williams 775,555-562-7765
Jestine Kadamani,Park 944,555-143-1837
Cammy Sloboda,Campus Center 667,555-678-8435
Melodi Norton,Towers 383,555-541-9461
Clifford Gomez,CNS 918,555-838-4805
Gladys Jeroski,Towers 939,555-173-7803
Christen Lavorata,CNS 789,555-604-1614
Melanie Botting,Towers 238,555-758-7363
Raymond Georges,Gannett 203,555-655-9833
Christene Chui,Cerrache 605,555-470-3957
Margarett Shumate,Towers 767,555-001-4838
Obdulia Zhelka,Towers 781,555-525-6657
Johnson Lowrie,Textor 105,555-777-3731
Filomena Zimmermann,Campus Center 855,555-258-5247
Keren Stubbs,Williams 439,555-789-6819
Jestine Addetia,Gannett 251,555-057-3162
Brice Rivers,Gannett 331,555-754-3498
Miriam Badowski,Gannett 809,555-844-7108
Leora Brett,Campus Center 370,555-475-0748
Ivana Van,Job 1000,555-613-9488
Estelle Zbuda,Gannett 286,555-487-0552
Darrin Radick,Job 908,555-647-9707
Risa Merrills,Textor 589,555-188-1612
Sherie Sutherland,Williams 65,555-601-6343
China Reporting,Gannett 831,555-321-5824
Juanita Desharnais,Williams 801,555-971-3944
Felicita Ekiert,CNS 389,555-876-7196
Kaye Widows,Park 93,555-394-0778
Oma Caton,Williams 822,555-418-8611
Zachariah Mcgregor,Williams 742,555-214-9190
Dell Guilbault,Towers 749,555-261-5876
Kamilah Xayaraj,Job 160,555-434-0791
Analisa Chinnery,Towers 999,555-066-8072
Rosy Vehling,Towers 186,555-631-7010
Yi Besnier,Textor 114,555-639-8943
Tomas Wojnar,Campus Center 917,555-923-7219
Ramiro Lamont,Textor 302,555-314-2078
Brunilda Csaszar,Gannett 717,555-555-8460
Harriet Suh,Gannett 109,555-593-4760
Eusebia Fodell,Job 819,555-600-0864
Angelo Sheridan,Job 318,555-210-1915
Susannah Neely,Towers 943,555-083-2652
Sabine Ness,Textor 524,555-790-4979
Delila Brydges,Williams 840,555-091-8108
Deneen Ragland,Gannett 336,555-749-4085
Angelika Grayson,Textor 421,555-415-1851
Renae Zubans,Park 707,555-354-9906
Gale Dicaprio,Cerrache 407,555-409-8833
Arleen Ghartey,Park 817,555-228-8483
Tova Ketterer,Towers 975,555-160-0937
Micheline Favell,Cerrache 205,555-961-3594
Billy Gothard,Job 934,555-623-3195
Nia Vasarhelyi,CNS 334,555-425-7537
Libby Hermack,Job 162,555-764-2567
Cassi Nyre,Campus Center 772,555-602-9614
Glenn Koskie,Job 727,555-493-7554
Betsy Froehlich,Job 884,555-198-8191
Felica Desroches,Cerrache 990,555-745-1643
Sherilyn Muthuswamy,Cerrache 925,555-280-8075
Janice Narraway,Cerrache 989,555-213-1981
Arthur Chickorie,Job 85,555-756-4853
Destiny Hensley,Campus Center 608,555-293-7806
Porter Perras,Park 321,555-467-6755
Tomi Niu,Textor 627,555-571-3541
Gil Karia,CNS 740,555-593-8839
Starr Sojka,Williams 215,555-076-8596
Rosanne Querengesser,Towers 197,555-678-7617
Elfriede Prikkel,Williams 714,555-661-3889
Geraldo Bassil,Campus Center 9,555-871-6970
Randall Cantlie,Towers 436,555-484-2598
Omar Steski,Towers 713,555-475-0108
Dell Ghaemian,Gannett 290,555-327-4971
Jo Hobbs,Job 600,555-940-3624
Cherilyn Satya,Campus Center 547,555-573-1053
Timmy Burkey,Gannett 907,555-307-9151
Usha Stensrud,Gannett 243,555-723-6720
Alyssa Bellosa,Textor 307,555-868-9750
Joeann Qadir,Towers 453,555-923-7659
Jeannine Rodschat,Campus Center 455,555-475-9553
Tonette Linegar,Gannett 533,555-437-5447
Rebeca Hoque,Cerrache 10,555-334-2476
Shon Clapp,Williams 746,555-327-6830
Analisa Jacques,Textor 278,555-203-8936
Marco Sanity,Park 311,555-164-1606
Grady Ptefs,CNS 794,555-474-9339
Augustina Arbuckle,Towers 879,555-953-8014
Luise Archibald,Williams 539,555-638-8754
Shala Marzullo,Cerrache 646,555-020-9078
Vivien Loucel,Job 390,555-778-7076
Gregorio Drappel,Cerrache 107,555-124-8319
Rosina Asselin,Campus Center 426,555-623-0564
Eda Larocque,Job 757,555-986-2797
Paz Estey,Gannett 703,555-419-7689
Kasi Marting,Job 497,555-688-9396
Austin Adriaansen,Park 633,555-176-7632
Asuncion Sy,Campus Center 308,555-979-6077
Chong Paulhus,Park 954,555-544-8754
Asia Kiang,Park 470,555-336-2712
Larhonda Kohler,CNS 588,555-850-1316
Jeri Pulcher,Cerrache 657,555-930-4230
Clyde Osterberg,Park 828,555-713-1663
Verena Adamkowski,CNS 54,555-336-6975
Jonie Nairn,Textor 946,555-826-9899
Rory Pokinko,Cerrache 566,555-427-9002
Alane Labarge,Williams 64,555-649-4520
Doug Contine,CNS 656,555-896-1511
Mirtha Channell,Park 986,555-030-4845
Almeta Ordas,CNS 230,555-795-6811
Deb Schoenling,Williams 323,555-697-1484
Everett Notley,Job 429,555-759-7809
Diego Licandro,Towers 500,555-328-1084
Pedro Dragan,Gannett 53,555-794-3649
Laurette Kavanagh,Park 374,555-414-6045
Ching Fernald,Job 528,555-387-9076
Tammara Sawczyn,Gannett 927,555-618-9210
Darcel Couture,Campus Center 450,555-638-8802
Nicolas Combellack,Gannett 458,555-730-0119
Solange Bakay,Cerrache 672,555-642-8396
Jolie Cicci,Cerrache 43,555-179-8369
Glenna Baum,CNS 256,555-111-7579
Shae Philbeck,Campus Center 166,555-563-1310
Julietta Schroeder,Textor 836,555-205-1230
Elodia Bingham,Textor 979,555-502-8666
Guy Ogburn,Towers 313,555-641-8770
Chuck Despres,Campus Center 57,555-717-8959
Kristofer Dickie,Park 671,555-504-5112
Edelmira Gasul,Park 463,555-932-1407
Darlene Ritza,Towers 876,555-670-0412
Vernice Waloff,CNS 481,555-437-7290
Johnathon Cornaro,Job 643,555-266-4159
Andres Pomerleau,Park 851,555-277-6355
Jannette Lacelle,Towers 469,555-973-0487
Kip Sowry,Towers 130,555-195-7573
Talisha Simons,Park 688,555-112-3006
Maire Tas,Towers 616,555-913-5213
Genesis Gallenbeck,Cerrache 42,555-492-6833
Hildegarde Waidler,Job 284,555-243-8966
Coletta Ersil,CNS 669,555-028-0166
Sydney Hatridge,Towers 784,555-342-1531
Josh Zajac,Park 291,555-424-9762
Tamica Hassey,Williams 399,555-244-5399
Nestor Berteau,Textor 928,555-130-1084
Willis Todd,Campus Center 445,555-626-8942
Louie Kodnar,Job 303,555-883-4012
Aurora Tuxford,CNS 496,555-015-3732
Shantae Rayl,Cerrache 295,555-336-1006
Lino Burdick,Gannett 345,555-464-6028
Tamela Javed,Cerrache 422,555-393-2609
Particia Ly,Gannett 525,555-926-5969
Carline Cicek,CNS 280,555-437-9280
Ethelyn Capes,Park 952,555-562-3379
Tami Loucel,Campus Center 610,555-675-0129
Jannette Marrone,Textor 485,555-333-7616
Pei Brys,Gannett 980,555-710-5149
Dionne Streatfield,CNS 239,555-868-8481
Annemarie Peterson,Williams 19,555-573-8820
Yesenia Peake,Towers 545,555-635-6165
Dannielle Sabol,Campus Center 847,555-887-4815
Easter Geisler,Campus Center 848,555-073-0023
Donnette Bice,Towers 507,555-101-4068
Ines Obrien,Campus Center 862,555-901-4394
Lavinia Erkel,Textor 676,555-507-7357
Richelle Matusik,Job 590,555-745-2239
Lakita Daneshzadeh,Cerrache 744,555-875-6316
Dani Rutter,Textor 736,555-792-9721
Jamison Tomlin,Towers 118,555-514-8222
Kymberly Unkefer,Cerrache 806,555-292-2056
Leonel Coggins,Campus Center 663,555-274-9977
Wanita Miernik,Campus Center 692,555-177-6814
Luis Brummitt,CNS 351,555-857-7308
Zoe Curnow,Cerrache 641,555-428-0889
Dierdre Goetz,Cerrache 46,555-202-8217
Marielle Dost,Park 32,555-032-5644
Charmain Starsdps,Gannett 650,555-073-6289
Kyla Correia,Campus Center 555,555-320-2952
Octavio Peixoto,Cerrache 338,555-426-4617
Lela Riley,Gannett 768,555-594-3774
Anthony Lias,Williams 391,555-789-5112
Essie Angeli,Cerrache 920,555-975-2459
Eugenio Mcruvie,Cerrache 535,555-564-2295
Jarvis Adam,Textor 235,555-689-3970
Lavonia Zegray,Cerrache 11,555-154-1036
Elba Sonne,CNS 310,555-887-1513
Coralee Birks,Williams 487,555-481-6257
Gennie Sainsbury,CNS 346,555-308-7595
Mireya Yanosik,Park 467,555-142-9208
Franklyn Stoyles,Textor 977,555-032-4064
Jazmine Sedran,Job 149,555-597-2467
Gladis Venjohn,Park 183,555-617-6292
Carlyn Rabiasz,Towers 626,555-986-1236
Hyo Murrell,Gannett 573,555-394-7279
Stephaine Mivehchi,CNS 677,555-781-1643
Alfredia Hoare,Towers 224,555-936-5244
Merri Blazek,Job 288,555-673-3471
Tona Beaudette,CNS 78,555-016-5873
Juan Oper,Cerrache 79,555-347-8386
Clair Leffler,Williams 568,555-266-3700
Latrina Hashimoto,Park 16,555-135-1743
Lorrie Bossett,Campus Center 309,555-209-8173
Eun Morimoto,Towers 766,555-119-6816
Beverly Gysel,Cerrache 645,555-784-5670
Antonette Vrbetic,Campus Center 962,555-763-0773
Keshia Aczel,Campus Center 552,555-165-6440
Louann Guerette,Towers 335,555-935-9118
Joanna Zenar,Park 811,555-490-3770
Christoper Denter,Campus Center 364,555-242-7402
Chia Thomassin,CNS 597,555-533-0878
Galen Blankenship,Towers 140,555-142-3210
Lyndia Frankenberger,Cerrache 546,555-018-5494
Janis Zantiris,Textor 675,555-507-4796
Tynisha Albea,Textor 612,555-900-6430
Agueda Coors,Campus Center 570,555-835-1683
Jamal Sandre,Williams 319,555-880-3104
Tamisha Aggarwal,Park 343,555-635-4034
Sona Krienke,Cerrache 921,555-078-3333
Andria Menechian,Towers 115,555-016-9754
Antony Shuman,Gannett 281,555-696-6701
Shantelle Dipper,Textor 185,555-340-4017
Max Yandell,Job 150,555-142-7105
Muoi Chernetsky,Textor 388,555-470-4793
Rachel Sabo,Gannett 694,555-691-2466
Kacie Alsaleh,Textor 182,555-965-2197
Paris Fafara,Job 664,555-884-9303
Clint Bahl,Campus Center 916,555-574-9714
Marcy Bringhurst,Park 254,555-436-6173
Bobby Banks,Park 294,555-798-8970
Pearl Reeder,Williams 560,555-271-9957
Carmelina Kemp,Campus Center 578,555-637-0916
Elliot Leblond,Textor 138,555-263-3687
Lila Gur-arie,Textor 52,555-185-3657
Hae Paryag,CNS 424,555-979-2774
Santiago Ruaud,Cerrache 782,555-983-6298
Amie Judd,Cerrache 968,555-090-7186
Kasie Logue,Williams 906,555-429-3700
Elyse Measures,Campus Center 277,555-251-7198
Criselda Sutterlin,Towers 551,555-573-4812
Julietta Skuce,Cerrache 448,555-857-2347
Kelle Prog,CNS 161,555-661-0831
Nana Braginetz,Textor 441,555-292-7732
Muriel Mckeone,Campus Center 808,555-602-6445
Nilsa Vandewouw,CNS 871,555-191-0893
Arminda Vavroch,Gannett 718,555-197-0076
Lahoma Koblitz,Campus Center 144,555-810-8504
Maryanna Reijerkerk,Gannett 30,555-958-6966
Kirby Gros,Park 17,555-328-0465
Cathryn Hudson,Park 242,555-473-3662
Dovie Liao,Towers 587,555-549-1050
Leonila Littau,Textor 315,555-782-8662
Charla Burger,Williams 973,555-753-7603
Werner Womble,Towers 248,555-107-9135
Maryln Hollack,CNS 711,555-592-0739
Isidra Lighthall,CNS 178,555-657-0603
Natalia Husain,Job 902,555-056-3379
Theola Guarino,Gannett 261,555-229-7996
Gay Olmstead,Park 572,555-587-9704
Kimbra Kirn,Gannett 760,555-882-3016
Marjorie Dessain,Campus Center 329,555-356-3728
Elois Gass,CNS 617,555-508-4475
Janiece Moulds,Park 958,555-862-5582
Vonda Morrison,Textor 577,555-362-7577
Ellis Combs,Towers 719,555-830-8577
Violeta Groves,Campus Center 581,555-881-7934
Bradly Wolska,Gannett 826,555-217-0989
Alica Dassie,Towers 353,555-473-2346
Tiffani Gidaro,Park 565,555-221-5899
Alleen Nadon,Park 124,555-348-3082
Corey Curtis,Textor 923,555-205-5348
Carmelina Hersee,CNS 509,555-829-2606
Bobby Sivaji,CNS 206,555-537-4559
Bart Nurmi,Textor 542,555-090-1448
Charleen Mullaney,Williams 761,555-093-3485
America Campara,Gannett 891,555-566-0573
Lilli Kohm,Cerrache 652,555-051-3401
Eden Jolicoeur,Job 700,555-605-8628
Georgene Dryer,Williams 250,555-543-0110
Jeffie Hawkins,Park 914,555-730-3307
Shonta Waters,CNS 362,555-104-7918
Delorse Kerfoot,Park 712,555-658-6881
Elton Arcouet,Textor 207,555-804-2446
Liza Lebo,Cerrache 111,555-724-9338
Laurice Diduch,CNS 932,555-898-4496
Sid Labfive,Gannett 101,555-641-6152
Arlyne Jolicoeur,Cerrache 942,555-531-5970
Lenore Aumoine,Williams 910,555-239-1974
Simon Moniter,Textor 428,555-062-3814
Lecia Sos,Campus Center 911,555-966-3529
Danielle Fleugel,Towers 625,555-991-0570
Mariam Lemky,Cerrache 435,555-366-7603
Gretchen Nordstrom,Campus Center 735,555-601-5274
Emelia Leonida,CNS 376,555-304-0848
Shanice Center,Williams 220,555-489-8541
Tonie Fothergill,Park 549,555-276-4538
Dona Peng,Park 359,555-949-8720
Jordan Turbes,Campus Center 464,555-296-3496
Jim Ivett,Park 100,555-700-2471
Beulah Horgan,Gannett 698,555-028-2080
Charissa Juhan,Williams 830,555-639-6092
Caroline Fastfeat,Towers 607,555-183-1942
Raphael Callahan,Park 596,555-104-1207
Mariela Ingling,Cerrache 984,555-615-1470
Malisa Halula,Textor 886,555-095-0539
Mattie Lilleniit,Job 121,555-503-0291
Lucrecia Coghlan,Gannett 900,555-225-8429
Lakeesha Procner,CNS 825,555-596-3472
Isaura Grau,Campus Center 393,555-927-9125
Britni Gelling,Towers 683,555-208-8159
Luella Mccaugherty,Williams 49,555-218-6468
Dominick Gebrael,Park 661,555-232-3390
Octavio Tjia,Towers 69,555-338-6008
Chiquita Yim,Park 810,555-953-2406
Lilian Hartland,Williams 333,555-425-8996
Erica Bhoday,Williams 442,555-216-7172
Jere Kushan,Campus Center 112,555-363-2875
Huey Nahmias,Park 937,555-093-5226
Sabrina Volker,Park 725,555-471-4945
Oswaldo Bousfield,Park 110,555-014-3997
Chantel Guthrie,Textor 6,555-124-7665
Alexander Kandra,Towers 618,555-029-4789
Dalton Willhoff,Campus Center 427,555-104-6913
Shad Bunce,CNS 332,555-758-7698
Jake Wolczanski,Campus Center 410,555-987-0304
Amanda Rojas,Job 211,555-059-8342
Lucina Simpkin,Gannett 501,555-776-8546
Tinisha Speight,Job 741,555-154-4123
Lucie Allan,Campus Center 832,555-836-9045
Ivana Tupas,Gannett 12,555-471-7173
Afton Gazo,Cerrache 164,555-887-5905
Jenna Durousseau,Campus Center 701,555-837-2628
Traci Wildeman,Park 483,555-617-8072
Bryon Weitz,Job 867,555-269-4689
Norah Paradisentmvaa,Campus Center 486,555-657-0965
Towanda Gruber,CNS 7,555-637-4665
Columbus Gratton,Cerrache 273,555-205-1600
Treena Dupuy,Cerrache 83,555-462-7993
Sirena Cassese,Park 232,555-027-3622
Song Lennig,Gannett 611,555-805-9242
Donnetta Jarman,Job 204,555-254-8320
Garret Puett,Job 971,555-064-5577
Shawana Loadsum,Williams 896,555-024-9485
Michal Hinshaw,Towers 264,555-214-9246
Awilda Mcgonagle,Textor 630,555-033-5322
Betsy Van,Park 679,555-547-6099
Annabell Gimon,Gannett 844,555-365-6376
Rosalva Lotan,Gannett 411,555-945-5169
Meryl Sharpe,Towers 461,555-359-7128
Martine Syres,Park 8,555-650-2605
Kandra Nakonecznyj,Towers 960,555-754-9429
Saturnina Philp,Park 881,555-843-3108
Isidro Debernardo,Textor 544,555-113-8512
Margeret Wilkinson,CNS 709,555-218-9830
Sina Halley,Park 492,555-378-1447
Dwana Ahmadi,Park 462,555-777-7736
Shasta Cuu,Park 720,555-816-0278
Marybelle Lisenchuk,CNS 996,555-491-8621
Johnie Burcew,Park 304,555-551-0863
Luanne Grawberger,Job 430,555-155-3186
Miguel Thornber,Textor 919,555-436-7728
Fannie Stallabrass,Williams 909,555-183-9476
Reba Sengoba,CNS 267,555-087-1177
Tammara Zalameda,Job 668,555-880-3630
Jeremy Shang,Towers 790,555-779-6094
Carter Lytle,Towers 710,555-701-3847
Benny Talbot,Gannett 397,555-017-9160
Lucas Goldberg,CNS 292,555-341-9100
Kimi Zork,Cerrache 654,555-670-2708
Rosa Mclaughlin,Textor 67,555-495-8818
Annmarie Pokrifcak,Gannett 296,555-688-9810
Mitsuko Toomer,Job 135,555-142-5892
Heriberto Bayerkohler,Park 260,555-846-9694
Lisette Barrett,Cerrache 227,555-194-8761
Elmer Pasquale,Gannett 56,555-065-0842
Anibal Slaa,Park 604,555-150-2431
Roland Bakkum,Cerrache 571,555-274-2625
Nell Ahlberg,Cerrache 184,555-557-0976
Leola Etchieson,Job 337,555-354-9488
Xavier Ganness,Gannett 629,555-395-1450
Ivelisse Genovise,Job 141,555-506-0610
Jaquelyn Russell,Job 680,555-726-0278
Latrisha Veillette,Williams 76,555-790-3019
Nohemi Molochko,Campus Center 452,555-165-8399
Lydia Walkins,Cerrache 22,555-470-2325
Lashawnda Beebe,Cerrache 795,555-223-9191
Lianne Kositpaiboon,Park 504,555-536-0166
Zenobia Desantis,Williams 196,555-831-1862
Russel Luszczek,Campus Center 460,555-201-5415
Ngoc Aloi,Gannett 447,555-386-3851
Joaquin Kiang,CNS 153,555-207-4025
Janna Steelman,Towers 87,555-154-3141
Sueann Gentes,Park 997,555-207-2564
Aleida Trahan,Textor 195,555-518-3694
Emely Liem,CNS 325,555-138-3567
Shery Asghar,Williams 764,555-901-3123
Maurita Leder,Job 853,555-160-4662
Reynaldo Bambach,Towers 520,555-038-1695
Darlena Sevigny,Textor 966,555-832-5934
Shea Altherr,Job 495,555-801-2651
Velda Slautterback,Textor 188,555-286-5558
Lisandra Jantzi,Cerrache 904,555-277-3639
Harry Comp,Cerrache 96,555-149-7500
Glennis Rowley,Textor 386,555-549-5961
Claudio Gilleland,Park 418,555-865-2047
Douglass Karsner,Textor 575,555-034-2923
Sanda Conistis,Towers 580,555-106-0982
Omer Sharpe,Williams 750,555-888-8817
William Christl,Campus Center 97,555-570-5098
Jannette Astorino,Williams 613,555-242-8274
Stuart Marinos,Job 541,555-451-4750
Harley Warkentin,Park 976,555-051-7605
Blanch Huhn,Textor 658,555-380-9498
Rudy Younkin,Park 5,555-844-8328
Janie Emery,Park 511,555-942-4217
Alaina Zajac,Textor 419,555-309-0963
Monika Poluchowska,Towers 981,555-457-6095
Dallas Seggie,Textor 622,555-371-6408
Heath Szypulski,CNS 241,555-098-5515
Mozella Northam,Gannett 155,555-962-6689
Keith Brombal,Gannett 933,555-762-5966
Maryam Denomme,Park 753,555-055-8106
Autumn Layne,Job 992,555-840-8253
Rodrigo Debernardo,Park 159,555-370-2782
Angeline Dans,Job 940,555-897-8704
Carita Kohnhorst,Williams 776,555-511-6210
Tammera Atoui,Textor 36,555-868-6630
Leia Bulanda,Williams 413,555-155-1407
Teisha Halpern,Gannett 187,555-329-5432
Janay Garwood,Towers 151,555-775-2841
Terrell Saboorian,Williams 283,555-516-1979
Lidia Schute,Cerrache 266,555-386-3852
Valorie Gillespie,Williams 298,555-629-6668
Kate Mccaugherty,Towers 728,555-708-2671
Allena Blanche,Campus Center 425,555-893-1970
Shoshana Kho,Textor 99,555-619-9012
Hobert Desimone,Park 818,555-503-3847
Valeria Kelland,Gannett 408,555-794-5624
Jaclyn Hartzel,Gannett 682,555-517-3358
Alberta Azizuddin,Williams 367,555-494-2023
Rich Beals,Gannett 33,555-995-5077
Arden Walpole,Cerrache 861,555-104-2426
Celia Grund,Campus Center 123,555-981-7833
Esther Decapua,Campus Center 505,555-692-7885
Rozella Isaacs,Job 73,555-858-6613
Cindy Lebo,Job 50,555-740-3820
Stepanie Dambenieks,Williams 381,555-851-9966
Michaele Nagenthiram,Textor 221,555-163-1766
Aleisha Caudill,Towers 759,555-937-0692
Alina Larue,Campus Center 993,555-073-3799
Yevette Desroches,Campus Center 380,555-534-4720
Maryanne Greer,Towers 305,555-189-4102
Lawrence Shum,Towers 293,555-295-5886
Ela Couture,Job 774,555-803-9622
Humberto Ranieri,Williams 494,555-228-5350
Joshua Manceau,CNS 80,555-538-0809
Louanne Frobisher,Textor 201,555-480-0861
Shawnta Bonnar,Gannett 373,555-518-4276
Todd Darnell,Park 300,555-853-8377
Clarita Berna,Textor 92,555-815-9921
Krishna Benthin,Park 233,555-201-8108
Phyliss Patner,Williams 71,555-987-6667
Ta Visockis,Towers 172,555-606-6031
Hilda Ruiz,Campus Center 865,555-985-4086
Robyn Donahee,Gannett 963,555-185-0158
Tamatha Rau,Textor 931,555-241-5923
Kayla Kassissia,CNS 877,555-190-0126
Houston Teed,Gannett 788,555-185-4771
Miranda Laviolette,Job 638,555-434-0585
Lyman Sponchia,Gannett 193,555-013-0110
Librada Lombardo,Towers 655,555-167-7415
Tamala Malcolm,Job 763,555-395-6831
Jacqualine Westbrook,Textor 420,555-715-9067
Bennett Goupil,Campus Center 209,555-421-4008
Iesha Lunde,Textor 259,555-145-9670
Miki Jew,Gannett 579,555-456-4903
Jenae Ausley,Gannett 499,555-454-5786
Thomasena Pevzner,Job 747,555-247-7075
Alysha Willcocks,CNS 519,555-789-1831
Katy Suh,Job 856,555-327-9619
Veronica Carlebach,Towers 634,555-674-4405
Temika Lessin,Park 387,555-491-5798
Jaymie Lachowski,Textor 493,555-826-5645
Shenika Alsop,Job 75,555-032-4008
Brooke Hornbeek,Textor 180,555-828-1039
Nicol Mersinger,Towers 252,555-664-8362
Thuy Wessels,Job 47,555-740-9484
Gertrude Gedeon,Gannett 354,555-690-3063
Corine Vezina,Cerrache 446,555-424-3761
Tonette Cozart,CNS 751,555-059-1286
Hung Briante,Job 502,555-845-1930
Natalie Catering,Park 40,555-286-0169
Arnetta Foubert,Towers 609,555-117-7187
Reva Psklib,Cerrache 697,555-337-4624
Dulcie Matteau,CNS 603,555-827-4581
Delphia Temp,Campus Center 687,555-400-5987
Velvet Abi-aad,Job 556,555-965-7211
Lindsy Ambroise,CNS 731,555-903-8645
Lyndia Dupree,Towers 813,555-830-0788
Nancey Ferruzzi,Park 482,555-569-2345
Cecille Biray,Williams 198,555-156-9959
Bradford Jean-louis,Williams 465,555-981-1995
Ed Desantis,Job 537,555-366-6001
Constance Bousfield,Job 21,555-768-0620
Vernita Gandhi,Gannett 270,555-731-1402
Rigoberto Hoffman,Job 326,555-492-5360
Miguel Kazmierczak,Job 534,555-172-3549
Patience Sanoy,Job 730,555-075-0359
Tinisha Barkwill,Park 116,555-148-4919
Katharyn Enstone,Park 228,555-683-7607
Renea Somerville,Park 799,555-026-8361
Suzie Lohoar,Textor 974,555-037-6778
Chantal Eddins,Campus Center 392,555-240-2295
Taryn Maye,Textor 778,555-003-8010
Evangelina Jeavons,Gannett 199,555-070-8863
Charissa Parrillo,Williams 561,555-137-7028
Jin Falt,Williams 659,555-815-2447
Percy Mraz,Park 681,555-164-9195
Michele Dubreck,Textor 941,555-479-5374
Adell Weaver,CNS 328,555-262-1038
Renda Rainey,CNS 301,555-132-1510
Mitchell Petrick,Park 454,555-392-2187
Audrea Olszewski,Cerrache 531,555-675-2410
Damien Mccrain,Park 104,555-367-3489
Latrina Urbshas,Cerrache 796,555-342-8162
Miguel Lem,Towers 257,555-909-5787
Cythia Marsden,Campus Center 369,555-061-1059
Annalisa Lauria,Cerrache 66,555-371-1144
Gonzalo Sollman,CNS 330,555-872-7975
Idalia Smuda,Campus Center 820,555-520-2991
Pok Evely,Cerrache 770,555-018-6064
Nida Jarmoc,Gannett 432,555-775-0149
Cassandra Croxall,Campus Center 108,555-632-3472
Sol Ferree,Towers 743,555-486-9796
Vernie Boehms,Williams 752,555-894-4725
Alla Perazzini,Cerrache 716,555-018-8715
Henrietta Hamoui,Towers 684,555-602-3178
Silvana Giallo,Job 457,555-079-2839
Justin Mendolia,Campus Center 755,555-874-7971
Jackelyn Gayman,Campus Center 852,555-010-7606
Alethea Cribbs,Park 219,555-083-6078
Fausto Caton,CNS 179,555-538-2658
Jermaine Torok,Job 167,555-606-8472
Sacha Sitch,Gannett 843,555-146-8017
Dollie Joe,Campus Center 800,555-509-9556
Hiram Naro,Cerrache 515,555-294-1583
Sherly Testsds,Cerrache 670,555-037-0432
Madonna Kempf,Textor 503,555-624-5226
Fumiko Hofmeister,CNS 400,555-229-4071
Linette Jalaie,Textor 480,555-723-2601
Elza Alexander,Job 218,555-436-5008
Karole Parkes,Cerrache 512,555-038-6035
Hailey Zrobok,Textor 849,555-833-2001
Karleen Hanrahan,Textor 94,555-377-8139
Jaleesa Novia,Job 866,555-683-9600
Devon Lynham,CNS 398,555-064-1453
Rikki Chia,Gannett 673,555-537-1387
Erlene Cloherty,CNS 246,555-098-3558
Holli Hafiz,CNS 623,555-114-0460
Lynsey Technosoft,CNS 584,555-412-5044
Enoch Sarkari,Towers 756,555-553-2615
Genoveva Berek,CNS 526,555-104-6210
Chun Uguccioni,Gannett 473,555-038-8138
Julieann Deininger,Gannett 883,555-007-2619
Isobel Scp,Job 200,555-190-9136
Ute Krieg,Gannett 175,555-825-5371
Alton Kallio,Textor 783,555-410-0465
Nickole Leibich,Textor 202,555-228-4145
Sergio Grader,Park 217,555-697-0242
Wilber Greco,Cerrache 508,555-980-3819
Marquitta Osterberg,Textor 258,555-273-2126
Porfirio Laskaris,Towers 624,555-758-2319
Colleen Sammons,Gannett 247,555-233-5318
Lenore Galt,Park 89,555-588-5268
Gearldine Ehlers,Towers 263,555-958-3821
Leola Varkey,Gannett 994,555-796-7929
Bert Arora,Job 901,555-393-5268
Candance Lillis,Gannett 957,555-562-3650
Janette Purgerson,Campus Center 38,555-722-5702
Antwan Operators,Textor 998,555-454-0255
Tyrone Garand,Williams 350,555-668-9922
Erica Lipari,Campus Center 344,555-653-3062
Arnette Boal,Textor 28,555-509-7329
Sherrie Taranto,Job 132,555-986-6744
Alton Welling,Williams 475,555-213-1908
Elton Wales,Job 543,555-490-8671
Cammy Papiez,Campus Center 882,555-818-3204
Sina Wester,CNS 947,555-157-3467
Israel Van,Campus Center 468,555-103-6373
Shawna Fennell,CNS 792,555-733-8248
Jessi Alford,Towers 662,555-022-8970
Tiffiny Blimkie,Campus Center 699,555-162-9212
Kendal Plaisant,Campus Center 59,555-706-8249
Arden Meleski,Campus Center 793,555-572-4394
Johnette Lennig,Job 964,555-837-6125
Joye Besharah,Textor 361,555-475-7661
Eneida Overby,Cerrache 223,555-042-8977
Celinda Dandurand,Towers 384,555-704-9708
Hyon Gillstrom,Campus Center 347,555-236-6720
Laverna Senyshyn,Towers 491,555-040-7544
Treasa Stoffels,Textor 721,555-507-7990
Shenika Tinney,Cerrache 352,555-165-0216
Thomasine Chattoe,Cerrache 696,555-288-1563
Jerrell Besharah,Job 98,555-934-3719
Adriana Muro,Campus Center 60,555-992-2749
Leena Cividino,Towers 802,555-964-6601
Tinisha Badelt,Williams 234,555-895-0847
Noemi Moxon,CNS 2,555-084-5810
Peter Darveau,Cerrache 181,555-567-6753
Tosha Scodras,Towers 926,555-612-1705
Audie Receiving,Cerrache 82,555-981-9111
Elena Lin,Cerrache 272,555-384-2476
Jessi Rafek,Park 472,555-563-1618
Jessika Wetherbee,Job 690,555-286-8978
Charmain Sipple,Towers 798,555-597-4528
Alissa Baldridge,Textor 903,555-354-1551
Inger Hamlett,CNS 637,555-341-9876
Carey Integration,Towers 930,555-466-1373
August Rutulis,CNS 935,555-601-6715
Rema Alteen,Towers 864,555-783-5795
Betsey Kaps,Park 423,555-116-7358
Towanda Azari,Textor 91,555-738-2396
Duncan Nguyen,Towers 949,555-545-1040
Odette Ferruzzi,Park 765,555-544-7351
Leonardo Nemeth,Cerrache 29,555-281-8161
Angela Dula,CNS 564,555-809-8728
Shana Prog,Job 131,555-354-7081
Maddie Algie,Textor 168,555-663-0294
Alma Bateman,Gannett 177,555-194-6253
Deandrea Tresrch,Textor 863,555-736-4324
Pasquale Thorslund,Williams 358,555-340-8163
Rossana Herlihy,Cerrache 406,555-805-1731
Jaquelyn Soyland,Towers 995,555-616-4088
Marvel Kuan,Textor 982,555-437-5146
Marvis Charbonneau,Williams 371,555-340-8871
Kendrick Ravji,Campus Center 287,555-166-0795
Sterling Vanderpol,CNS 320,555-528-9727
Renea Ohmayer,Williams 734,555-529-3164
Marilu Oetting,Campus Center 394,555-427-6618
Raelene Paracha,Cerrache 268,555-814-8641
Keila Marson,Cerrache 74,555-732-5632
Shawnna Asquin,Cerrache 269,555-047-9917
Deetta Larose,Job 621,555-659-1723
Vasiliki Zimmerer,Cerrache 194,555-811-5261
Chanel Portwood,Williams 245,555-204-9756
Hortensia Castell,CNS 459,555-700-0273
Jenae Miles,Cerrache 122,555-894-4684
Grant Sonhing,Towers 674,555-303-6118
Katelynn Naem,Williams 665,555-241-4802
Marylin Auker,Gannett 210,555-211-2928
Aracelis Brannick,Williams 327,555-973-6884
Caleb Smelters,Job 231,555-974-4994
Celena Decapua,CNS 983,555-074-0805
Gilda Dommety,Williams 213,555-719-0560
Linnie Goldenberg,Williams 518,555-752-5720
Calvin Macmartin,Park 146,555-627-6961
Marivel Bender,CNS 117,555-351-9146
Lorrine Deibert,Williams 103,555-054-1280
Loria Linaugh,Textor 563,555-001-1771
Valene Fretz,Campus Center 385,555-241-2257
Sammie Woroszczuk,Textor 823,555-550-7446
Sirena Risto,Williams 379,555-844-6748
Mona Beisel,Cerrache 4,555-849-6245
Alvaro Westgarth,Park 27,555-957-0819
Yetta Rainsforth,Cerrache 355,555-919-5745
Odette Essery,Towers 102,555-689-0669
Chas Evraire,CNS 827,555-866-2794
Adele Lett,Job 955,555-730-6997
Yolande Brennen,Towers 689,555-291-7123
Sachiko Willemsen,CNS 433,555-658-3011
Tarsha Deason,Gannett 23,555-842-2995
Shante Kipnis,Textor 780,555-598-5681
An Monzo,Park 874,555-592-6809
Jeffie Beckman,Job 226,555-470-4871
Margurite Frederico,Towers 521,555-181-1880
Bradly Elie,Towers 737,555-401-2162
Adaline Senyildiz,Park 829,555-988-3862
Marjorie Mcginn,Job 895,555-553-4895
Corene Harman,Towers 691,555-193-1559
Vinita Makoid,Campus Center 558,555-160-5236
Dane De,Job 885,555-408-3997
Norine Devera,Williams 956,555-739-7979
Erlene Schutte,Williams 382,555-658-2324
Adela Boulos,Towers 948,555-632-2123
Shanel Atkins,Towers 924,555-883-3183
Vito Loader,Gannett 991,555-735-4771
Lovie Naguib,Williams 837,555-509-3227
Vida Guirguis,Gannett 58,555-111-8966
Lovetta Desautels,Park 434,555-581-3117
Tammie Sivasothy,Campus Center 875,555-830-6597
Gregorio Mackenzie,Cerrache 969,555-379-1022
Jerri Groetsema,Campus Center 527,555-388-2870
Shan Hillier,CNS 897,555-054-9705
Greta Intplan,Textor 106,555-912-0346
Lauryn Slaby,CNS 576,555-941-4011
Chassidy Eason,Gannett 961,555-166-1892
Roosevelt Gregor-pearse,Gannett 24,555-234-1084
Daphine Fischetti,Williams 77,555-252-3963
Olevia Cegelski,Gannett 214,555-984-3160
Jeane Ploeg,Towers 628,555-240-5268
Freeda Buffett,Park 602,555-895-2297
Elliot Malle,CNS 479,555-094-8848
Roxie Kamiyama,Campus Center 894,555-499-2911
Vina Altay,CNS 723,555-954-7846
Laura Dajerling,Textor 839,555-754-0364
Jacinda Jenner,Gannett 255,555-556-8356
Leandra Morglan,Campus Center 965,555-116-8388
Derick Boyachek,Job 271,555-938-1830
Shandi Kan,Towers 490,555-255-9126
Monte Blaylock,Park 488,555-201-4889
Rowena Gannon,Park 176,555-479-5451
Daniela Conistis,Textor 678,555-643-7476
Nancee Lysinger,Job 651,555-585-2357
Marietta Dziawa,Textor 889,555-413-2292
Grisel Boden,Textor 368,555-751-0868
Fern Flatley,Williams 880,555-944-9714
Jan Graver,Textor 189,555-352-6258
Suzanna Lacombe,Towers 647,555-208-4036
Hui Devincenzi,Gannett 729,555-536-8066
Marchelle Debnam,Campus Center 129,555-547-0280
Paola Savard,Williams 632,555-110-6227
Leontine Tamasi,Williams 606,555-308-3080
Leon Dann,Towers 967,555-231-8726
Muriel Marcelissen,Towers 878,555-720-1575
Ruby Judd,Gannett 540,555-456-2587
Pandora Jarvis,Towers 276,555-237-3048
Tamala Lapchak,CNS 265,555-904-4679
Cherly Marcantonio,Gannett 592,555-692-1759
Louann Challice,Towers 348,555-670-3013
Nelida Starkes,Williams 762,555-161-9757
Harmony Pickens,Towers 86,555-199-2889
Chun Ozyetis,Job 341,555-500-7148
Yan Hammond,Campus Center 126,555-403-8503
Krystal Pierret,Gannett 282,555-381-0574
Daria Monforton,Cerrache 807,555-047-6553
Britt Racine,Textor 649,555-545-8291
Tomiko Devreeze,Gannett 598,555-066-0568
Billi Beneda,CNS 157,555-495-5377
Enriqueta Chilibeck,Park 913,555-610-1830
Louella Cuper,Job 477,555-436-5627
Charolette Chima,Park 614,555-390-6373
Marcus Hawes,Park 773,555-417-2730
Candyce Fischetti,Park 636,555-930-2540
Lamar Crucefix,Park 1,555-351-9714
Eldora Lecours,Towers 803,555-975-1937
Leann Mundy,Campus Center 648,555-607-2447
Shameka Katz,Job 456,555-956-9896
Juan Seeler,Williams 814,555-001-2688
Zita Nhan,Park 349,555-211-1672
Karl Oreffice,Job 466,555-524-3098
Larita Wracher,Job 128,555-577-6960
Emmett Valenziano,Towers 553,555-488-5803
Tiffany Harrawood,Gannett 548,555-576-8605
Lin Lambregts,Park 859,555-003-4418
Deidra Subasinghe,CNS 890,555-004-8755
Errol Chocs,Williams 953,555-980-9832
Kaylee Leggett,Park 938,555-546-8519
Lilliam Mccarthy,CNS 236,555-917-4343
Laveta Agarwal,Gannett 191,555-186-8176
Izetta Ducharme,Williams 644,555-347-6202
Jenna Hewitt,Job 732,555-532-4163
Ann Bopp,Williams 163,555-298-2813
Gavin Willcock,Job 510,555-785-6057
Mika Tauscher,Gannett 415,555-806-0970
Gilma Weger,CNS 145,555-769-7847
Susanne Gadsby,Park 412,555-703-3650
Glendora Martincello,Gannett 854,555-041-0096
Priscilla Van,Job 530,555-944-2699
Amelia Contomichalos,Towers 237,555-783-1976
Elvis Blythe,Campus Center 562,555-312-8487
Shavonne Lao,Williams 402,555-574-2157
Jenine Farley,Campus Center 222,555-025-4207
Jim Rider,Textor 726,555-893-6264
Vanessa Dunn,Cerrache 838,555-998-3479
Danae Younkin,Gannett 216,555-089-2290
Ima Dominguez,Towers 437,555-952-7090
Mariela Hilla,Towers 805,555-349-6218
Gayle Enos,Textor 706,555-962-8870
Rosario Garcia,Textor 594,555-101-7665
Shenika Cronkright,Towers 812,555-319-4068
Elaine Wease,Towers 821,555-755-9775
Asuncion Halley,Textor 748,555-914-3570
Darla Sist,Cerrache 922,555-734-4539
Lin Swinburne,Textor 474,555-358-3759
Mae Southworth,Textor 708,555-734-1473
Herman Bennett,Campus Center 142,555-362-0372
Sarita Batson,Gannett 170,555-673-2177
Glady Cohrs,CNS 860,555-369-9561
Eli Leitrick,Park 225,555-816-9132
Jeniffer Gaul,Job 356,555-547-3519
Maryland Kilzer,Towers 868,555-141-9142
Queenie Cassidy,Gannett 324,555-887-9475
Enriqueta Rosser,Cerrache 870,555-809-3687
Laronda Kapuscinski,CNS 125,555-533-9985
Johnsie Parmar,Gannett 777,555-436-9593
Lavelle Leonida,Park 405,555-705-3854
Carlton Horowitz,Williams 978,555-643-9572
Shirley Valia,Campus Center 229,555-041-8304
Violet Crafton,Textor 378,555-977-5629
Tyree Ptefs,Campus Center 892,555-374-7640
Ursula Reddy,CNS 850,555-793-1959
Roxann Dinges,Cerrache 702,555-427-5395
Dannette Portigal,Cerrache 249,555-518-7307
Griselda Izzo,Cerrache 787,555-804-5394
Reena Jiang,Textor 835,555-147-0950
Socorro Morey,Towers 148,555-512-4290
Maira Dalton,Park 704,555-728-9219
Jenice Wieland,Job 523,555-601-9032
Beth Seetharaman,Job 173,555-599-4156
Araceli Galanakis,Gannett 631,555-865-7195
Brittanie Timms,CNS 888,555-216-2261
Giovanni Haverkamp,Cerrache 950,555-856-6633
Pedro Hachey,Park 704,555-366-9492
Vannesa Bmethods,Gannett 715,555-164-2713
Latanya Leibowitz,Textor 314,555-160-8045
Marilynn Terneus,Park 165,555-366-9492
Vanita Lingafelter,Park 936,555-196-2320
Lyle Feil,CNS 444,555-500-3316
Wynell Fisprod,Campus Center 154,555-108-8507
Melody Andrews,Towers 3,555-043-4338
Peg Kwissa,Cerrache 88,555-445-9152
Larraine Adams,Gannett 136,555-509-0273
Jerica Oziemblo,Job 416,555-665-1644
Tashia Sealy,Williams 274,555-270-6794
Deanna Davies,Park 53,555-357-1423